pages,text
/ICD10CM/Codes/A00-B99/A00-A09/A00-/A00.0,A00.0
/ICD10CM/Codes/A00-B99/A00-A09/A00-/A00.1,A00.1
/ICD10CM/Codes/A00-B99/A00-A09/A00-/A00.9,A00.9
/ICD10CM/Codes/A00-B99/A00-A09/A01-/A01.0,A01.0
/ICD10CM/Codes/A00-B99/A00-A09/A01-/A01.00,A01.00
/ICD10CM/Codes/A00-B99/A00-A09/A01-/A01.01,A01.01
/ICD10CM/Codes/A00-B99/A00-A09/A01-/A01.02,A01.02
/ICD10CM/Codes/A00-B99/A00-A09/A01-/A01.02,A01.02
/ICD10CM/Codes/A00-B99/A00-A09/A01-/A01.02,A01.02
/ICD10CM/Codes/A00-B99/A00-A09/A01-/A01.03,A01.03
/ICD10CM/Codes/A00-B99/A00-A09/A01-/A01.03,A01.03
/ICD10CM/Codes/A00-B99/A00-A09/A01-/A01.04,A01.04
/ICD10CM/Codes/A00-B99/A00-A09/A01-/A01.04,A01.04
/ICD10CM/Codes/A00-B99/A00-A09/A01-/A01.05,A01.05
/ICD10CM/Codes/A00-B99/A00-A09/A01-/A01.05,A01.05
/ICD10CM/Codes/A00-B99/A00-A09/A01-/A01.09,A01.09
/ICD10CM/Codes/A00-B99/A00-A09/A01-/A01.1,A01.1
/ICD10CM/Codes/A00-B99/A00-A09/A01-/A01.2,A01.2
/ICD10CM/Codes/A00-B99/A00-A09/A01-/A01.3,A01.3
/ICD10CM/Codes/A00-B99/A00-A09/A01-/A01.4,A01.4
/ICD10CM/Codes/A00-B99/A00-A09/A01-/A01.4,A01.4
/ICD10CM/Codes/A00-B99/A00-A09/A02-/A02.0,A02.0
/ICD10CM/Codes/A00-B99/A00-A09/A02-/A02.0,A02.0
/ICD10CM/Codes/A00-B99/A00-A09/A02-/A02.1,A02.1
/ICD10CM/Codes/A00-B99/A00-A09/A02-/A02.1,A02.1
/ICD10CM/Codes/A00-B99/A00-A09/A02-/A02.2,A02.2
/ICD10CM/Codes/A00-B99/A00-A09/A02-/A02.2,A02.2
/ICD10CM/Codes/A00-B99/A00-A09/A02-/A02.20,A02.20
/ICD10CM/Codes/A00-B99/A00-A09/A02-/A02.20,A02.20
/ICD10CM/Codes/A00-B99/A00-A09/A02-/A02.21,A02.21
/ICD10CM/Codes/A00-B99/A00-A09/A02-/A02.21,A02.21
/ICD10CM/Codes/A00-B99/A00-A09/A02-/A02.22,A02.22
/ICD10CM/Codes/A00-B99/A00-A09/A02-/A02.22,A02.22
/ICD10CM/Codes/A00-B99/A00-A09/A02-/A02.22,A02.22
/ICD10CM/Codes/A00-B99/A00-A09/A02-/A02.23,A02.23
/ICD10CM/Codes/A00-B99/A00-A09/A02-/A02.23,A02.23
/ICD10CM/Codes/A00-B99/A00-A09/A02-/A02.24,A02.24
/ICD10CM/Codes/A00-B99/A00-A09/A02-/A02.24,A02.24
/ICD10CM/Codes/A00-B99/A00-A09/A02-/A02.24,A02.24
/ICD10CM/Codes/A00-B99/A00-A09/A02-/A02.24,A02.24
/ICD10CM/Codes/A00-B99/A00-A09/A02-/A02.24,A02.24
/ICD10CM/Codes/A00-B99/A00-A09/A02-/A02.25,A02.25
/ICD10CM/Codes/A00-B99/A00-A09/A02-/A02.25,A02.25
/ICD10CM/Codes/A00-B99/A00-A09/A02-/A02.25,A02.25
/ICD10CM/Codes/A00-B99/A00-A09/A02-/A02.25,A02.25
/ICD10CM/Codes/A00-B99/A00-A09/A02-/A02.25,A02.25
/ICD10CM/Codes/A00-B99/A00-A09/A02-/A02.29,A02.29
/ICD10CM/Codes/A00-B99/A00-A09/A02-/A02.29,A02.29
/ICD10CM/Codes/A00-B99/A00-A09/A02-/A02.8,A02.8
/ICD10CM/Codes/A00-B99/A00-A09/A02-/A02.8,A02.8
/ICD10CM/Codes/A00-B99/A00-A09/A02-/A02.9,A02.9
/ICD10CM/Codes/A00-B99/A00-A09/A02-/A02.9,A02.9
/ICD10CM/Codes/A00-B99/A00-A09/A03-/A03.0,A03.0
/ICD10CM/Codes/A00-B99/A00-A09/A03-/A03.1,A03.1
/ICD10CM/Codes/A00-B99/A00-A09/A03-/A03.2,A03.2
/ICD10CM/Codes/A00-B99/A00-A09/A03-/A03.3,A03.3
/ICD10CM/Codes/A00-B99/A00-A09/A03-/A03.8,A03.8
/ICD10CM/Codes/A00-B99/A00-A09/A03-/A03.9,A03.9
/ICD10CM/Codes/A00-B99/A00-A09/A03-/A03.9,A03.9
/ICD10CM/Codes/A00-B99/A00-A09/A04-/A04.0,A04.0
/ICD10CM/Codes/A00-B99/A00-A09/A04-/A04.1,A04.1
/ICD10CM/Codes/A00-B99/A00-A09/A04-/A04.2,A04.2
/ICD10CM/Codes/A00-B99/A00-A09/A04-/A04.3,A04.3
/ICD10CM/Codes/A00-B99/A00-A09/A04-/A04.4,A04.4
/ICD10CM/Codes/A00-B99/A00-A09/A04-/A04.4,A04.4
/ICD10CM/Codes/A00-B99/A00-A09/A04-/A04.5,A04.5
/ICD10CM/Codes/A00-B99/A00-A09/A04-/A04.6,A04.6
/ICD10CM/Codes/A00-B99/A00-A09/A04-/A04.6,A04.6
/ICD10CM/Codes/A00-B99/A00-A09/A04-/A04.6,A04.6
/ICD10CM/Codes/A00-B99/A00-A09/A04-/A04.7,A04.7
/ICD10CM/Codes/A00-B99/A00-A09/A04-/A04.71,A04.71
/ICD10CM/Codes/A00-B99/A00-A09/A04-/A04.72,A04.72
/ICD10CM/Codes/A00-B99/A00-A09/A04-/A04.8,A04.8
/ICD10CM/Codes/A00-B99/A00-A09/A04-/A04.9,A04.9
/ICD10CM/Codes/A00-B99/A00-A09/A05-/A05.0,A05.0
/ICD10CM/Codes/A00-B99/A00-A09/A05-/A05.0,A05.0
/ICD10CM/Codes/A00-B99/A00-A09/A05-/A05.0,A05.0
/ICD10CM/Codes/A00-B99/A00-A09/A05-/A05.0,A05.0
/ICD10CM/Codes/A00-B99/A00-A09/A05-/A05.1,A05.1
/ICD10CM/Codes/A00-B99/A00-A09/A05-/A05.1,A05.1
/ICD10CM/Codes/A00-B99/A00-A09/A05-/A05.1,A05.1
/ICD10CM/Codes/A00-B99/A00-A09/A05-/A05.1,A05.1
/ICD10CM/Codes/A00-B99/A00-A09/A05-/A05.1,A05.1
/ICD10CM/Codes/A00-B99/A00-A09/A05-/A05.2,A05.2
/ICD10CM/Codes/A00-B99/A00-A09/A05-/A05.2,A05.2
/ICD10CM/Codes/A00-B99/A00-A09/A05-/A05.2,A05.2
/ICD10CM/Codes/A00-B99/A00-A09/A05-/A05.2,A05.2
/ICD10CM/Codes/A00-B99/A00-A09/A05-/A05.3,A05.3
/ICD10CM/Codes/A00-B99/A00-A09/A05-/A05.3,A05.3
/ICD10CM/Codes/A00-B99/A00-A09/A05-/A05.3,A05.3
/ICD10CM/Codes/A00-B99/A00-A09/A05-/A05.3,A05.3
/ICD10CM/Codes/A00-B99/A00-A09/A05-/A05.4,A05.4
/ICD10CM/Codes/A00-B99/A00-A09/A05-/A05.4,A05.4
/ICD10CM/Codes/A00-B99/A00-A09/A05-/A05.4,A05.4
/ICD10CM/Codes/A00-B99/A00-A09/A05-/A05.4,A05.4
/ICD10CM/Codes/A00-B99/A00-A09/A05-/A05.5,A05.5
/ICD10CM/Codes/A00-B99/A00-A09/A05-/A05.5,A05.5
/ICD10CM/Codes/A00-B99/A00-A09/A05-/A05.5,A05.5
/ICD10CM/Codes/A00-B99/A00-A09/A05-/A05.5,A05.5
/ICD10CM/Codes/A00-B99/A00-A09/A05-/A05.8,A05.8
/ICD10CM/Codes/A00-B99/A00-A09/A05-/A05.8,A05.8
/ICD10CM/Codes/A00-B99/A00-A09/A05-/A05.8,A05.8
/ICD10CM/Codes/A00-B99/A00-A09/A05-/A05.8,A05.8
/ICD10CM/Codes/A00-B99/A00-A09/A05-/A05.9,A05.9
/ICD10CM/Codes/A00-B99/A00-A09/A05-/A05.9,A05.9
/ICD10CM/Codes/A00-B99/A00-A09/A05-/A05.9,A05.9
/ICD10CM/Codes/A00-B99/A00-A09/A05-/A05.9,A05.9
/ICD10CM/Codes/A00-B99/A00-A09/A06-/A06.0,A06.0
/ICD10CM/Codes/A00-B99/A00-A09/A06-/A06.1,A06.1
/ICD10CM/Codes/A00-B99/A00-A09/A06-/A06.2,A06.2
/ICD10CM/Codes/A00-B99/A00-A09/A06-/A06.3,A06.3
/ICD10CM/Codes/A00-B99/A00-A09/A06-/A06.4,A06.4
/ICD10CM/Codes/A00-B99/A00-A09/A06-/A06.5,A06.5
/ICD10CM/Codes/A00-B99/A00-A09/A06-/A06.5,A06.5
/ICD10CM/Codes/A00-B99/A00-A09/A06-/A06.6,A06.6
/ICD10CM/Codes/A00-B99/A00-A09/A06-/A06.6,A06.6
/ICD10CM/Codes/A00-B99/A00-A09/A06-/A06.7,A06.7
/ICD10CM/Codes/A00-B99/A00-A09/A06-/A06.8,A06.8
/ICD10CM/Codes/A00-B99/A00-A09/A06-/A06.8,A06.8
/ICD10CM/Codes/A00-B99/A00-A09/A06-/A06.8,A06.8
/ICD10CM/Codes/A00-B99/A00-A09/A06-/A06.81,A06.81
/ICD10CM/Codes/A00-B99/A00-A09/A06-/A06.82,A06.82
/ICD10CM/Codes/A00-B99/A00-A09/A06-/A06.89,A06.89
